,date,IP_ADDR
0,2021-05-23 16:42:13.468180,127.0.0.1
1,2021-05-23 16:52:28.963643,127.0.0.1
2,2021-05-23 16:57:10.466175,127.0.0.1
3,2021-05-23 16:57:26.911436,127.0.0.1
4,2021-05-23 16:57:28.033017,127.0.0.1
5,2021-05-23 17:05:46.469242,127.0.0.1
6,2021-05-23 17:06:13.419370,127.0.0.1
7,2021-05-23 21:13:55.128426,127.0.0.1
8,2021-05-23 21:16:48.691551,127.0.0.1
9,2021-05-23 21:18:27.426229,127.0.0.1
10,2021-05-23 21:20:54.380873,127.0.0.1
11,2021-05-23 21:23:52.526049,127.0.0.1
12,2021-05-23 21:26:19.367244,127.0.0.1
13,2021-05-23 21:26:21.487779,127.0.0.1
14,2021-05-23 21:26:26.738101,127.0.0.1
15,2021-05-23 21:26:28.527275,127.0.0.1
16,2021-05-23 21:26:52.885737,127.0.0.1
17,2021-05-24 17:59:50.752359,127.0.0.1
18,2021-05-25 09:52:49.437418,127.0.0.1
19,2021-05-25 10:25:41.121985,127.0.0.1
20,2021-05-25 10:26:03.203740,127.0.0.1
21,2021-05-25 10:28:57.543852,127.0.0.1
22,2021-05-25 15:41:57.709456,127.0.0.1
23,2021-05-25 15:42:06.235533,127.0.0.1
24,2021-05-25 20:08:19.675308,24.61.46.241
25,2021-05-25 20:12:11.954274,24.61.46.241
26,2021-05-25 20:12:23.603401,24.61.46.241
27,2021-05-25 20:19:17.225118,24.61.46.241
28,2021-05-25 20:19:52.966171,24.61.46.241
29,2021-05-25 20:19:55.859336,24.61.46.241
30,2021-05-25 20:22:35.281199,24.61.46.241
31,2021-05-25 20:23:09.019288,24.61.46.241
32,2021-05-25 20:24:02.845549,24.61.46.241
33,2021-05-25 20:24:09.709527,24.61.46.241
34,2021-05-25 20:24:15.278417,24.61.46.241
35,2021-05-25 20:25:58.216878,24.61.46.241
36,2021-05-25 20:26:38.602589,24.61.46.241
37,2021-05-25 20:26:54.074728,24.61.46.241
38,2021-05-25 20:27:08.390938,24.61.46.241
39,2021-05-25 20:28:25.650727,107.77.226.176
40,2021-05-25 20:30:52.880715,54.162.17.141
41,2021-05-25 20:30:52.917518,54.162.17.141
42,2021-05-25 20:30:53.013980,52.87.176.12
43,2021-05-25 20:31:06.734010,54.166.53.216
44,2021-05-25 20:31:10.142842,54.87.1.128
45,2021-05-25 20:31:11.627875,217.182.175.162
46,2021-05-25 20:31:13.951525,199.16.188.5
47,2021-05-25 20:31:17.813786,52.214.70.165
48,2021-05-25 20:31:18.810749,3.217.157.17
49,2021-05-25 20:31:19.072564,3.216.59.194
50,2021-05-25 20:31:21.078744,3.81.12.32
51,2021-05-25 20:31:21.552040,52.90.27.227
52,2021-05-25 20:31:27.149555,54.227.186.182
53,2021-05-25 20:31:34.403998,3.81.12.32
54,2021-05-25 20:31:41.295902,52.207.245.8
55,2021-05-25 20:31:43.681433,52.90.27.227
56,2021-05-25 20:31:46.454927,54.89.54.142
57,2021-05-25 20:31:55.882414,18.212.39.41
58,2021-05-25 20:31:58.407436,54.92.165.127
59,2021-05-25 20:32:03.195540,18.215.158.31
60,2021-05-25 20:32:04.099589,54.166.53.216
61,2021-05-25 20:32:17.807832,18.207.193.216
62,2021-05-25 20:32:20.818569,54.166.53.216
63,2021-05-25 20:32:26.107891,3.83.207.105
64,2021-05-25 20:32:26.350580,35.153.160.144
65,2021-05-25 20:32:26.466549,18.215.158.31
66,2021-05-25 20:32:38.885053,54.89.54.142
67,2021-05-25 20:32:45.580958,34.230.24.221
68,2021-05-25 20:32:56.055850,3.80.167.121
69,2021-05-25 20:33:13.263283,63.118.15.50
70,2021-05-25 20:34:12.967732,66.249.88.239
71,2021-05-25 20:35:24.087077,24.61.46.241
72,2021-05-25 20:38:44.772454,68.8.217.96
73,2021-05-25 20:41:20.074817,68.8.217.96
74,2021-05-25 20:44:38.135740,45.131.227.9
75,2021-05-25 20:45:16.659487,109.74.198.144
76,2021-05-25 20:45:16.984711,109.74.198.144
77,2021-05-25 20:45:19.378626,168.91.61.132
78,2021-05-25 20:46:15.608361,116.202.35.97
79,2021-05-25 20:46:40.683190,168.91.61.132
80,2021-05-25 20:48:37.361998,104.241.199.228
81,2021-05-25 20:48:45.337549,107.22.84.200
82,2021-05-25 20:48:45.359195,107.22.84.200
83,2021-05-25 20:48:45.500468,3.91.251.235
84,2021-05-25 20:48:50.884054,54.226.222.156
85,2021-05-25 20:48:59.492344,3.93.72.38
86,2021-05-25 20:49:04.864945,199.16.186.98
87,2021-05-25 20:49:05.733502,18.212.39.41
88,2021-05-25 20:49:18.786727,54.234.15.57
89,2021-05-25 20:49:21.098810,54.163.61.35
90,2021-05-25 20:49:27.611359,3.95.56.86
91,2021-05-25 20:49:27.627539,34.230.24.221
92,2021-05-25 20:49:31.761053,3.84.236.121
93,2021-05-25 20:49:35.397951,3.235.167.53
94,2021-05-25 20:49:40.558925,18.207.193.216
95,2021-05-25 20:49:45.351271,54.205.152.228
96,2021-05-25 20:49:50.958528,54.205.152.228
97,2021-05-25 20:49:53.385270,52.90.27.227
98,2021-05-25 20:49:53.807461,18.215.168.161
99,2021-05-25 20:50:04.611678,18.215.168.161
100,2021-05-25 20:50:07.637078,54.92.165.127
101,2021-05-25 20:50:08.155943,54.92.165.127
102,2021-05-25 20:50:11.001567,54.162.131.187
103,2021-05-25 20:50:15.118166,3.93.72.38
104,2021-05-25 20:50:38.152860,18.234.132.139
105,2021-05-25 20:50:42.378333,54.82.26.121
106,2021-05-25 20:50:44.057874,54.227.186.182
107,2021-05-25 20:50:47.601262,52.207.245.8
108,2021-05-25 20:58:23.581760,65.154.226.220
109,2021-05-25 21:03:58.740953,160.2.147.250
110,2021-05-25 21:03:59.179762,192.154.121.4
111,2021-05-25 21:06:18.445116,181.214.29.93
112,2021-05-25 21:13:36.643402,104.153.41.21
113,2021-05-25 21:13:48.973459,104.153.41.21
114,2021-05-25 21:25:26.713441,24.61.46.241
115,2021-05-25 21:25:32.452203,66.249.88.241
